Tanggal,Uang Beredar Luas(M2),Uang Beredar Sempit (M1),Uang Kartal di Luar Bank Umum dan BPR,Simpanan Giro Rupiah,Uang Kuasi,Simpanan Berjangka,Rupiah,Valuta Asing,Tabungan,Rupiah,Valuta Asing,Simpanan Giro Valuta asing,Surat Berharga Selain Saham,Faktor-faktor Yang Mempengaruhi Uang beredar,Aktiva Luar negeri Bersih,Tagihan Kepada Bukan Penduduk,Kewajiban Kepada Bukan Penduduk,Aktiva Dalam Negeri Bersih,Tagihan Bersih kepada Pemerintah Pusat,Tagihan Kepada Pemerintah Pusat,Kewajiban Kepada Pemerintah Pusat,Tagihan Kepada sektor lainnya,Tagihan Kepada Lembaga keuangan Lainnya,Pinjaman yang Diberikan 2),Tagihan Lainnya,Tagihan Kepada Pemerintah Daerah,Pinjaman yang Diberikan 2),Tagihan Lainnya,Tagihan Kepada Perusahaan Bukan keuangan BUMN,Pinjaman yang Diberikan 2),Tagihan Lainnya,Tagihan Kepada Sektor Swasta,Pinjaman yang Diberikan 2),Tagihan Lainnya,Simpanan dan Surat Berharga yang tidak termasuk Uang Beredar,Simpanan,Surat Berharga,Kewajiban Lainnya kepada Lembaga Keuangan,Saham dan Modal lainnya,Lainnya Bersih 3)
01/01/2012,2.857.127,696.281,286.200,410.082,2.147.437,1.136.127,994.956,141.171,850.050,791.737,58.314,161.260,13.409,2.857.127,934.112,1.156.298,222.186,1.923.015,322.216,510.617,188.401,2.375.914,167.930,128.927,39.003,979,974,5,104.833,92.944,11.889,2.102.172,1.993.074,109.098,-184.261,-181.332,-2.929,-26.058,-552.060,-12.736
01/02/2012,2.852.005,683.208,280.058,403.150,2.153.062,1.145.613,999.990,145.623,850.388,793.181,57.207,157.061,15.735,2.852.005,942.113,1.166.546,224.433,1.909.892,296.137,524.611,228.474,2.404.608,173.804,135.255,38.549,1.440,1.435,5,94.820,82.445,12.375,2.134.544,2.017.158,117.387,-184.218,-181.321,-2.897,-24.223,-573.645,-8.767
01/03/2012,2.914.194,714.215,287.003,427.212,2.185.208,1.172.080,1.023.430,148.649,854.144,795.268,58.876,158.984,14.771,2.914.194,926.120,1.151.445,225.325,1.988.074,297.108,521.840,224.732,2.465.721,170.728,131.954,38.774,1.439,1.434,5,108.409,93.547,14.861,2.185.146,2.073.198,111.948,-186.299,-183.231,-3.068,-26.017,-565.851,3.412
01/04/2012,2.929.610,720.876,290.812,430.064,2.193.285,1.170.735,1.022.250,148.486,867.274,808.319,58.955,155.275,15.450,2.929.610,963.364,1.188.695,225.331,1.966.246,243.123,532.103,288.980,2.521.274,174.827,135.112,39.715,1.403,1.397,5,118.085,102.457,15.629,2.226.960,2.113.133,113.826,-188.392,-185.556,-2.836,-24.991,-574.451,-10.317
01/05/2012,2.994.474,749.403,294.722,454.682,2.229.990,1.187.859,1.028.673,159.186,874.615,816.477,58.138,167.516,15.081,2.994.474,971.114,1.202.588,231.473,2.023.360,240.053,534.394,294.340,2.588.242,177.733,136.289,41.444,1.367,1.362,5,123.511,108.184,15.327,2.285.631,2.174.662,110.969,-192.876,-190.189,-2.687,-27.061,-580.555,-4.444
01/06/2012,3.052.786,779.367,314.621,464.746,2.256.809,1.182.373,1.017.611,164.762,900.494,838.993,61.501,173.942,16.610,3.052.786,925.568,1.155.730,230.162,2.127.218,284.331,541.389,257.058,2.650.053,173.718,131.523,42.196,1.419,1.419,0,116.929,101.552,15.377,2.357.987,2.249.044,108.943,-201.571,-198.573,-2.998,-29.755,-597.796,21.956
01/07/2012,3.057.336,771.739,315.322,456.417,2.272.665,1.189.657,1.018.935,170.722,909.966,845.545,64.421,173.041,12.932,3.057.336,936.305,1.171.991,235.685,2.121.031,279.040,541.185,262.145,2.664.719,170.630,124.884,45.746,1.604,1.595,10,117.307,101.368,15.939,2.375.178,2.274.492,100.687,-206.443,-203.482,-2.960,-31.676,-623.880,39.270
01/08/2012,3.091.568,772.378,327.008,445.370,2.307.083,1.203.434,1.031.917,171.517,931.031,868.689,62.342,172.617,12.108,3.091.568,955.709,1.193.230,237.521,2.135.860,271.398,542.430,271.031,2.693.174,168.210,127.577,40.633,1.805,1.796,10,120.680,106.099,14.581,2.402.479,2.307.419,95.060,-205.578,-202.483,-3.095,-32.899,-635.421,45.186
01/09/2012,3.128.179,795.460,325.508,469.952,2.321.262,1.212.922,1.032.542,180.380,938.223,877.197,61.026,170.117,11.457,3.128.179,975.633,1.215.800,240.167,2.152.546,298.897,541.455,242.558,2.754.538,168.697,128.124,40.573,1.980,1.970,10,116.429,101.727,14.702,2.467.432,2.356.137,111.295,-227.964,-225.167,-2.797,-32.739,-662.722,22.536
01/10/2012,3.164.443,774.923,326.058,448.864,2.378.880,1.249.974,1.062.115,187.859,950.476,887.696,62.779,178.430,10.640,3.164.443,990.455,1.269.262,278.807,2.173.988,285.784,543.060,257.276,2.787.802,170.279,130.021,40.258,2.185,2.175,10,113.968,100.130,13.838,2.501.370,2.386.476,114.894,-217.704,-212.844,-4.860,-33.793,-671.221,23.120
01/11/2012,3.207.908,801.345,327.011,474.334,2.396.157,1.250.851,1.060.673,190.178,965.140,903.317,61.823,180.166,10.406,3.207.908,989.138,1.274.245,285.107,2.218.770,313.325,537.380,224.056,2.830.066,168.895,128.297,40.598,2.367,2.358,10,157.969,143.308,14.661,2.500.834,2.390.820,110.014,-227.331,-221.822,-5.509,-33.776,-687.432,23.918
01/12/2012,3.307.508,841.652,361.897,479.755,2.455.435,1.245.869,1.068.361,177.508,1.027.226,963.799,63.426,182.341,10.420,3.307.508,965.442,1.270.701,305.259,2.342.066,389.827,530.898,141.072,2.917.452,174.952,132.531,42.422,2.790,2.780,10,158.383,143.506,14.877,2.581.327,2.462.988,118.339,-242.014,-235.073,-6.940,-34.333,-706.644,17.778
01/01/2013,3.268.789,787.860,326.829,461.031,2.470.101,1.254.777,1.081.162,173.616,1.017.242,949.035,68.207,198.081,10.829,3.268.789,960.233,1.264.490,304.257,2.308.556,378.366,531.819,153.453,2.894.235,171.978,131.470,40.508,2.360,2.350,10,166.767,151.264,15.503,2.553.130,2.436.729,116.401,-234.448,-228.002,-6.446,-33.883,-718.930,23.215
01/02/2013,3.280.420,786.549,321.483,465.065,2.483.011,1.269.784,1.100.028,169.755,1.008.885,939.958,68.926,204.343,10.861,3.280.420,937.714,1.244.468,306.754,2.342.707,361.337,534.141,172.804,2.924.875,183.450,139.971,43.479,2.781,2.771,10,163.916,148.192,15.724,2.574.729,2.461.785,112.945,-228.686,-222.184,-6.502,-34.762,-717.569,37.512
01/03/2013,3.322.529,810.055,331.169,478.886,2.500.342,1.307.970,1.125.587,182.383,1.001.530,931.522,70.008,190.841,12.132,3.322.529,947.362,1.262.012,314.650,2.375.167,366.902,538.981,172.079,2.973.874,184.127,141.864,42.263,2.931,2.921,10,167.033,151.807,15.226,2.619.784,2.508.299,111.485,-227.791,-221.521,-6.270,-37.206,-722.548,21.937
01/04/2013,3.360.928,832.213,324.333,507.880,2.515.813,1.311.611,1.133.237,178.375,1.013.533,943.164,70.369,190.669,12.902,3.360.928,940.165,1.268.623,328.458,2.420.763,341.302,539.986,198.684,3.028.028,185.849,143.814,42.034,3.162,3.131,31,180.698,168.083,12.615,2.658.320,2.545.486,112.834,-226.503,-221.182,-5.321,-37.354,-722.109,37.399
01/05/2013,3.426.305,822.876,334.033,488.843,2.588.094,1.352.649,1.156.744,195.905,1.018.746,947.661,71.085,216.699,15.335,3.426.305,935.590,1.260.176,324.586,2.490.715,322.822,542.660,219.837,3.109.337,194.762,151.536,43.226,3.321,3.291,31,180.050,164.915,15.136,2.731.204,2.605.301,125.903,-226.830,-221.733,-5.097,-37.066,-707.722,30.173
01/06/2013,3.413.379,858.499,347.146,511.353,2.543.285,1.314.787,1.116.098,198.689,1.023.014,951.112,71.902,205.484,11.594,3.413.379,833.821,1.163.052,329.231,2.579.558,330.871,543.838,212.967,3.180.790,197.895,155.649,42.246,3.543,3.512,31,181.353,166.016,15.338,2.797.999,2.673.817,124.182,-237.858,-227.293,-10.565,-37.580,-693.487,36.822
01/07/2013,3.506.574,879.986,383.932,496.054,2.608.175,1.345.494,1.135.139,210.355,1.051.632,978.912,72.720,211.049,18.413,3.506.574,849.697,1.203.064,353.366,2.656.876,377.080,560.029,182.949,3.235.593,200.918,158.608,42.310,3.711,3.683,28,180.893,165.465,15.428,2.850.071,2.734.273,115.798,-235.726,-232.838,-2.888,-39.691,-722.273,41.894
01/08/2013,3.502.420,855.783,359.417,496.365,2.625.946,1.353.141,1.131.948,221.193,1.053.226,978.509,74.717,219.578,20.691,3.502.420,879.470,1.250.549,371.079,2.622.950,340.332,564.043,223.711,3.285.901,203.690,161.112,42.577,3.856,3.828,28,184.270,168.264,16.006,2.894.085,2.773.514,120.571,-234.315,-231.601,-2.714,-41.402,-766.307,38.741
01/09/2013,3.584.081,867.715,360.079,507.636,2.691.972,1.381.793,1.148.985,232.808,1.069.407,988.932,80.475,240.772,24.394,3.584.081,972.111,1.362.325,390.214,2.611.969,342.433,570.754,228.321,3.382.500,207.982,162.846,45.136,4.075,4.048,27,196.176,180.003,16.173,2.974.266,2.845.893,128.374,-256.345,-253.625,-2.720,-43.728,-848.208,35.317
01/10/2013,3.576.869,856.171,363.797,492.374,2.697.734,1.387.322,1.168.285,219.037,1.069.539,988.402,81.137,240.872,22.965,3.576.869,955.881,1.331.948,376.067,2.620.988,337.225,572.707,235.482,3.387.423,208.980,162.631,46.349,4.271,4.244,27,191.054,175.432,15.622,2.983.117,2.854.927,128.191,-247.739,-245.703,-2.036,-42.630,-849.574,36.283
01/11/2013,3.616.049,870.412,375.780,494.632,2.720.945,1.379.904,1.171.478,208.427,1.082.743,999.948,82.795,258.298,24.692,3.616.049,987.759,1.396.959,409.200,2.628.290,353.755,581.698,227.943,3.454.934,213.253,167.118,46.135,4.428,4.402,27,196.401,180.475,15.926,3.040.852,2.898.110,142.742,-260.394,-258.161,-2.233,-45.314,-894.229,19.538
01/12/2013,3.730.409,887.084,399.609,487.475,2.820.521,1.425.153,1.188.227,236.925,1.152.952,1.068.622,84.330,242.416,22.805,3.730.409,1.011.361,1.442.896,431.536,2.719.049,406.611,577.373,170.762,3.526.612,217.469,171.245,46.225,4.727,4.700,27,206.111,187.069,19.042,3.098.305,2.965.607,132.698,-279.580,-277.264,-2.316,-47.947,-920.793,34.146
01/01/2014,3.652.349,842.678,380.070,462.608,2.787.449,1.431.975,1.209.579,222.396,1.119.130,1.034.828,84.302,236.344,22.223,3.652.349,1.035.757,1.465.394,429.637,2.616.592,345.702,588.357,242.655,3.492.007,214.351,166.798,47.553,4.841,4.815,27,207.291,188.311,18.980,3.065.524,2.933.734,131.789,-271.522,-269.249,-2.273,-48.301,-935.973,34.679
01/02/2014,3.635.060,834.532,367.652,466.881,2.787.035,1.438.820,1.224.927,213.893,1.111.408,1.027.712,83.697,236.807,13.493,3.635.060,1.009.224,1.398.855,389.631,2.625.837,318.677,586.335,267.658,3.506.161,213.743,164.645,49.098,5.055,5.029,27,211.538,195.767,15.770,3.075.825,2.938.375,137.449,-274.661,-272.400,-2.261,-45.288,-908.651,29.598
01/03/2014,3.652.531,853.502,377.438,476.065,2.785.176,1.468.474,1.254.599,213.875,1.097.064,1.012.934,84.130,219.639,13.852,3.652.531,983.372,1.391.071,407.698,2.669.158,308.623,592.264,283.641,3.549.149,218.040,166.261,51.779,5.235,5.209,27,212.584,196.443,16.141,3.113.289,2.976.010,137.279,-273.264,-271.011,-2.253,-44.585,-902.086,31.322
01/04/2014,3.721.882,880.470,372.342,508.129,2.828.686,1.499.828,1.286.559,213.269,1.105.515,1.020.844,84.671,223.343,12.726,3.721.882,1.010.167,1.422.580,412.413,2.711.716,314.114,597.310,283.197,3.610.329,225.089,172.171,52.918,5.390,5.364,27,210.377,193.520,16.856,3.169.473,3.025.371,144.102,-272.968,-270.710,-2.258,-44.963,-914.405,19.609
01/05/2014,3.780.955,906.727,380.474,526.253,2.860.135,1.522.823,1.293.750,229.073,1.095.806,1.009.658,86.148,241.505,14.094,3.780.955,1.056.871,1.492.260,435.390,2.724.084,290.773,585.779,295.006,3.651.257,232.042,178.770,53.272,5.553,5.532,21,224.944,207.201,17.744,3.188.717,3.048.131,140.586,-271.995,-269.780,-2.216,-46.532,-921.849,22.431
01/06/2014,3.857.962,945.718,381.638,564.080,2.903.415,1.569.825,1.331.090,238.735,1.106.140,1.021.765,84.375,227.451,8.829,3.857.962,1.072.451,1.525.892,453.441,2.785.511,325.312,601.524,276.213,3.717.744,236.409,181.672,54.737,5.730,5.709,21,215.948,196.715,19.233,3.259.657,3.122.039,137.618,-269.860,-267.640,-2.220,-44.363,-967.243,23.921
01/07/2014,3.887.407,918.566,452.788,465.778,2.959.732,1.597.991,1.364.886,233.105,1.144.093,1.056.188,87.904,217.648,9.110,3.887.407,1.051.085,1.505.340,454.256,2.836.323,293.691,594.724,301.032,3.747.911,240.712,182.755,57.957,5.849,5.828,21,226.807,208.146,18.661,3.274.542,3.133.368,141.174,-252.412,-250.190,-2.222,-54.191,-944.312,45.636
01/08/2014,3.886.520,895.827,399.270,496.557,2.982.674,1.629.380,1.396.816,232.564,1.132.274,1.044.437,87.838,221.020,8.019,3.886.520,1.063.301,1.524.608,461.307,2.823.219,306.328,595.991,289.663,3.757.074,238.566,180.633,57.934,5.838,5.817,21,219.927,201.622,18.305,3.292.743,3.144.572,148.171,-269.888,-267.666,-2.223,-46.277,-959.649,35.632
01/09/2014,4.010.147,949.168,395.230,553.939,3.044.842,1.665.844,1.418.043,247.800,1.143.054,1.055.488,87.566,235.945,16.136,4.010.147,1.114.215,1.586.508,472.293,2.895.931,345.765,619.313,273.548,3.823.505,239.971,183.323,56.648,6.042,6.021,21,227.825,206.055,21.770,3.349.667,3.200.665,149.002,-279.269,-277.050,-2.219,-48.161,-988.486,42.576
01/10/2014,4.024.489,940.349,396.113,544.236,3.066.421,1.680.642,1.444.455,236.188,1.138.907,1.053.944,84.963,246.873,17.719,4.024.489,1.096.264,1.566.366,470.102,2.928.225,380.011,606.097,226.085,3.844.952,240.961,181.443,59.518,6.212,6.191,21,210.234,189.986,20.248,3.387.545,3.215.930,171.616,-282.935,-280.588,-2.347,-48.287,-991.549,26.032
01/11/2014,4.076.670,955.535,405.694,549.841,3.099.350,1.694.565,1.456.531,238.034,1.158.896,1.070.258,88.639,245.889,21.785,4.076.670,1.102.325,1.567.934,465.609,2.974.345,394.515,609.096,214.580,3.913.512,249.966,185.194,64.773,6.369,6.348,21,214.330,194.531,19.800,3.442.846,3.246.041,196.805,-284.491,-282.179,-2.312,-52.815,-1.006.376,9.999
01/12/2014,4.173.327,942.221,419.262,522.960,3.209.475,1.729.883,1.475.405,254.478,1.234.588,1.144.254,90.334,245.005,21.630,4.173.327,1.105.783,1.596.103,490.321,3.067.544,416.608,615.763,199.155,3.961.583,252.742,189.010,63.732,6.635,6.614,21,213.528,194.380,19.148,3.488.677,3.318.866,169.811,-283.176,-281.031,-2.145,-49.889,-1.027.315,49.733
01/01/2015,4.174.826,918.079,391.256,526.824,3.233.881,1.788.607,1.523.779,264.828,1.184.829,1.093.281,91.548,260.445,22.866,4.174.826,1.194.242,1.684.168,489.926,2.980.584,363.458,620.220,256.762,3.936.152,248.260,183.757,64.504,6.623,6.602,21,226.573,205.738,20.835,3.454.695,3.272.602,182.093,-255.726,-253.578,-2.148,-46.938,-1.060.135,43.774
01/02/2015,4.218.123,927.848,387.889,539.958,3.278.945,1.846.809,1.570.171,276.638,1.181.971,1.090.330,91.641,250.165,11.331,4.218.123,1.207.650,1.702.996,495.347,3.010.473,382.650,646.659,264.009,3.958.638,257.484,187.889,69.594,6.456,6.435,21,222.760,196.956,25.804,3.471.938,3.309.119,162.819,-249.739,-247.563,-2.177,-50.512,-1.074.954,44.390
01/03/2015,4.246.361,957.580,382.005,575.576,3.275.499,1.849.279,1.572.159,277.120,1.170.999,1.077.671,93.328,255.221,13.282,4.246.361,1.189.181,1.698.786,509.605,3.057.180,426.449,664.938,238.489,3.981.351,256.754,183.010,73.744,6.271,6.250,21,209.221,181.023,28.198,3.509.105,3.345.375,163.730,-255.960,-253.917,-2.043,-50.259,-1.076.710,32.309
01/04/2015,4.275.711,959.376,395.687,563.690,3.302.204,1.862.403,1.589.189,273.215,1.176.802,1.082.143,94.659,262.998,14.131,4.275.711,1.160.777,1.670.947,510.170,3.114.934,417.441,672.755,255.314,4.026.379,260.610,183.299,77.311,5.742,5.721,21,219.394,190.607,28.787,3.540.632,3.368.584,172.048,-260.319,-258.229,-2.089,-50.084,-1.058.064,39.581
01/05/2015,4.288.369,980.915,406.499,574.416,3.293.147,1.858.171,1.578.151,280.020,1.169.045,1.077.048,91.997,265.931,14.307,4.288.369,1.189.000,1.711.727,522.728,3.099.370,365.074,668.612,303.539,4.079.709,259.101,183.335,75.767,5.837,5.816,21,229.741,201.745,27.996,3.585.030,3.404.079,180.951,-269.861,-267.824,-2.037,-50.833,-1.071.827,47.107
01/06/2015,4.358.802,1.039.518,409.713,629.805,3.305.641,1.829.226,1.558.880,270.345,1.190.429,1.094.224,96.205,285.986,13.643,4.358.802,1.190.279,1.705.774,515.494,3.168.522,408.232,677.558,269.326,4.157.396,261.003,186.696,74.307,5.889,5.868,21,239.222,210.765,28.457,3.651.282,3.462.993,188.289,-287.795,-286.012,-1.784,-52.199,-1.082.895,25.783
01/07/2015,4.373.208,1.031.906,431.460,600.446,3.325.908,1.827.817,1.567.873,259.944,1.219.508,1.123.052,96.456,278.583,15.394,4.373.208,1.177.586,1.705.046,527.460,3.195.623,407.278,689.438,282.161,4.155.066,263.067,189.689,73.378,5.884,5.863,21,241.378,213.993,27.386,3.644.737,3.460.651,184.086,-263.330,-261.505,-1.825,-56.761,-1.095.063,48.433
01/08/2015,4.404.085,1.026.323,423.101,603.222,3.362.148,1.847.921,1.583.437,264.484,1.222.098,1.116.885,105.213,292.128,15.615,4.404.085,1.178.638,1.722.938,544.300,3.225.447,420.750,715.337,294.586,4.213.016,263.172,188.478,74.694,5.882,5.861,21,233.628,206.298,27.330,3.710.334,3.514.952,195.382,-252.817,-251.018,-1.799,-57.760,-1.138.087,40.344
01/09/2015,4.508.603,1.063.039,428.860,634.178,3.426.343,1.864.257,1.593.854,270.403,1.259.087,1.137.733,121.354,302.999,19.221,4.508.603,1.232.071,1.769.827,537.756,3.276.533,482.396,715.889,233.492,4.270.057,267.916,191.436,76.479,5.999,5.978,21,236.296,214.353,21.943,3.759.846,3.576.727,183.119,-260.230,-258.409,-1.820,-63.203,-1.187.461,34.972
01/10/2015,4.443.078,1.036.311,435.065,601.246,3.391.260,1.856.508,1.600.315,256.193,1.251.686,1.136.577,115.109,283.065,15.508,4.443.078,1.124.765,1.626.771,502.006,3.318.314,495.480,720.545,225.066,4.239.637,256.707,180.003,76.704,6.071,6.050,21,236.518,208.470,28.047,3.740.342,3.560.426,179.917,-249.744,-247.949,-1.795,-52.094,-1.136.936,21.970
01/11/2015,4.452.325,1.051.191,437.756,613.435,3.386.209,1.835.416,1.583.419,251.997,1.276.097,1.159.100,116.996,274.697,14.925,4.452.325,1.128.848,1.634.057,505.208,3.323.476,520.858,729.042,208.184,4.244.290,246.372,176.388,69.984,6.197,6.176,21,237.576,208.340,29.235,3.754.145,3.587.618,166.528,-251.563,-249.845,-1.719,-52.582,-1.157.211,19.684
01/12/2015,4.548.800,1.055.440,469.534,585.906,3.479.961,1.845.617,1.587.872,257.745,1.361.667,1.245.879,115.787,272.678,13.399,4.548.800,1.176.638,1.741.211,564.572,3.372.162,491.127,755.753,264.626,4.318.126,271.704,201.493,70.210,6.516,6.495,21,217.778,187.495,30.283,3.822.128,3.681.301,140.827,-263.687,-261.934,-1.753,-57.716,-1.173.001,57.313
01/01/2016,4.498.361,1.046.257,439.872,606.385,3.436.492,1.863.458,1.607.377,256.081,1.308.947,1.195.407,113.540,264.086,15.613,4.498.361,1.143.188,1.688.392,545.204,3.355.173,532.951,751.386,218.435,4.276.987,274.397,200.612,73.785,6.701,6.680,21,220.418,187.928,32.490,3.775.472,3.615.019,160.453,-245.610,-244.058,-1.553,-55.104,-1.202.936,48.884
01/02/2016,4.521.951,1.035.551,422.149,613.401,3.473.033,1.899.075,1.656.983,242.092,1.302.979,1.189.790,113.188,270.979,13.368,4.521.951,1.146.190,1.698.065,551.875,3.375.761,563.544,766.685,203.140,4.271.323,280.018,203.289,76.730,6.781,6.760,21,205.915,176.754,29.162,3.778.609,3.611.720,166.889,-243.306,-242.136,-1.170,-57.488,-1.186.861,28.548
01/03/2016,4.561.873,1.064.738,420.214,644.524,3.483.694,1.919.876,1.683.264,236.613,1.302.625,1.189.556,113.069,261.192,13.441,4.561.873,1.186.803,1.726.447,539.643,3.375.069,517.322,764.855,247.533,4.309.736,255.203,177.902,77.301,6.779,6.758,21,248.524,217.917,30.608,3.799.229,3.626.635,172.594,-229.204,-228.029,-1.175,-49.896,-1.216.670,43.782
01/04/2016,4.581.878,1.089.212,435.296,653.916,3.479.713,1.915.725,1.687.799,227.926,1.309.960,1.198.850,111.110,254.028,12.952,4.581.878,1.180.527,1.721.749,541.222,3.401.351,513.239,768.047,254.808,4.310.149,252.381,173.649,78.731,6.823,6.802,21,244.028,214.086,29.942,3.806.917,3.640.057,166.860,-240.946,-239.768,-1.178,-49.053,-1.215.644,83.606
01/05/2016,4.614.062,1.118.768,440.660,678.108,3.483.442,1.920.646,1.698.979,221.668,1.318.429,1.206.068,112.362,244.366,11.852,4.614.062,1.163.191,1.710.827,547.636,3.450.871,542.179,785.761,243.582,4.365.857,259.447,182.965,76.482,6.927,6.906,21,253.173,221.544,31.629,3.846.310,3.690.061,156.249,-239.472,-238.271,-1.201,-54.488,-1.244.902,81.698
01/06/2016,4.737.451,1.184.329,511.295,673.034,3.539.326,1.897.786,1.681.578,216.207,1.386.212,1.273.836,112.376,255.328,13.796,4.737.451,1.221.949,1.766.654,544.704,3.515.502,511.217,773.634,262.417,4.451.853,266.860,191.528,75.332,6.969,6.948,21,276.380,245.232,31.147,3.901.644,3.758.150,143.494,-246.986,-245.630,-1.357,-51.698,-1.265.819,116.936
01/07/2016,4.730.380,1.144.501,474.246,670.255,3.573.997,1.947.242,1.727.385,219.857,1.377.989,1.261.403,116.586,248.766,11.882,4.730.380,1.216.908,1.753.097,536.188,3.513.471,502.255,751.504,249.249,4.483.642,267.037,188.692,78.345,6.966,6.944,21,275.810,247.150,28.660,3.933.829,3.721.790,212.039,-236.922,-234.879,-2.043,-47.148,-1.250.876,62.520
01/08/2016,4.746.027,1.135.548,466.502,669.047,3.596.408,1.954.711,1.726.690,228.021,1.393.995,1.276.111,117.885,247.702,14.070,4.746.027,1.269.008,1.789.955,520.947,3.477.019,486.277,779.458,293.182,4.473.940,270.490,189.074,81.416,4.763,4.742,21,271.213,243.188,28.025,3.927.473,3.743.138,184.334,-239.407,-237.491,-1.916,-46.948,-1.279.030,82.188
01/09/2016,4.737.631,1.126.046,469.542,656.504,3.599.248,1.939.483,1.715.576,223.908,1.396.442,1.274.415,122.027,263.323,12.336,4.737.631,1.270.287,1.786.536,516.249,3.467.344,410.538,773.735,363.198,4.535.305,274.395,193.207,81.188,1.245,1.224,21,281.536,254.681,26.855,3.978.129,3.796.198,181.931,-244.790,-242.756,-2.035,-50.999,-1.265.852,83.143
01/10/2016,4.778.479,1.142.786,467.318,675.468,3.622.679,1.971.367,1.742.419,228.948,1.395.306,1.272.293,123.013,256.007,13.014,4.778.479,1.274.844,1.790.859,516.015,3.503.635,442.064,768.880,326.816,4.543.160,275.388,191.277,84.111,578,557,21,290.573,264.758,25.814,3.976.621,3.791.349,185.272,-244.365,-241.284,-3.081,-49.836,-1.263.155,75.767
01/11/2016,4.868.651,1.182.730,476.850,705.880,3.671.427,1.983.967,1.740.212,243.755,1.424.698,1.301.888,122.811,262.762,14.494,4.868.651,1.262.883,1.798.470,535.586,3.605.768,508.968,780.903,271.936,4.622.284,277.006,193.133,83.873,616,595,21,297.652,270.192,27.461,4.047.010,3.852.095,194.915,-256.120,-252.639,-3.481,-52.955,-1.284.827,68.419
01/12/2016,5.004.977,1.237.643,508.124,729.519,3.753.809,1.986.832,1.726.439,260.393,1.507.557,1.380.679,126.879,259.420,13.525,5.004.977,1.298.938,1.838.278,539.340,3.706.039,519.065,782.450,263.385,4.711.239,290.028,202.648,87.380,589,568,21,304.802,275.356,29.446,4.115.821,3.925.076,190.744,-271.978,-267.988,-3.990,-55.007,-1.276.553,79.272
01/01/2017,4.936.882,1.191.500,470.250,721.249,3.731.093,2.007.128,1.754.062,253.066,1.457.101,1.331.235,125.866,266.864,14.289,4.936.882,1.305.452,1.841.030,535.578,3.631.430,507.172,797.192,290.020,4.672.523,289.465,197.932,91.532,976,955,21,315.879,284.763,31.116,4.066.204,3.855.796,210.408,-260.997,-256.705,-4.292,-51.901,-1.297.903,62.534
01/02/2017,4.942.920,1.196.037,462.413,733.624,3.732.699,2.031.853,1.764.133,267.720,1.450.571,1.326.659,123.912,250.275,14.184,4.942.920,1.345.426,1.879.059,533.632,3.597.494,485.638,803.763,318.125,4.668.423,293.536,198.597,94.938,936,915,21,312.734,281.037,31.697,4.061.217,3.854.761,206.456,-257.693,-254.160,-3.533,-55.194,-1.311.252,67.571
01/03/2017,5.017.644,1.215.857,468.942,746.915,3.783.893,2.079.368,1.812.809,266.558,1.452.090,1.326.719,125.371,252.435,17.894,5.017.644,1.395.154,1.908.093,512.939,3.622.489,445.404,789.400,343.995,4.715.602,296.981,198.457,98.524,709,709,0,321.857,291.850,30.007,4.096.056,3.907.024,189.032,-258.937,-254.993,-3.943,-63.300,-1.301.643,85.363
01/04/2017,5.033.780,1.245.927,483.042,762.885,3.771.124,2.084.139,1.816.546,267.593,1.442.669,1.319.937,122.732,244.316,16.729,5.033.780,1.423.142,1.927.733,504.591,3.610.638,393.805,781.660,387.856,4.700.406,297.471,197.424,100.047,827,827,0,323.161,293.650,29.511,4.078.947,3.919.734,159.214,-250.916,-246.682,-4.235,-58.764,-1.307.691,133.798
01/05/2017,5.126.370,1.275.893,485.124,790.769,3.833.507,2.111.341,1.837.399,273.942,1.454.867,1.331.655,123.212,267.298,16.971,5.126.370,1.446.967,1.952.640,505.672,3.679.403,442.961,773.112,330.152,4.785.691,300.624,202.514,98.109,721,721,0,316.578,285.915,30.663,4.167.769,3.966.667,201.102,-260.128,-257.511,-2.617,-57.912,-1.324.376,93.167
01/06/2017,5.225.166,1.341.851,561.821,780.030,3.866.025,2.097.356,1.830.942,266.414,1.505.564,1.381.189,124.375,263.105,17.289,5.225.166,1.434.033,1.982.921,548.888,3.791.133,464.804,782.023,317.218,4.839.861,311.836,213.336,98.500,893,893,0,317.603,285.928,31.675,4.209.529,4.020.055,189.474,-270.951,-268.135,-2.816,-49.094,-1.338.723,145.234
01/07/2017,5.178.079,1.293.235,517.810,775.425,3.866.731,2.119.276,1.861.409,257.867,1.504.970,1.387.563,117.407,242.484,18.113,5.178.079,1.484.065,1.991.694,507.628,3.694.013,448.191,791.351,343.160,4.832.752,308.752,207.854,100.898,1.013,913,100,323.337,292.278,31.059,4.199.649,3.993.725,205.925,-267.166,-257.344,-9.821,-65.019,-1.366.028,111.283
01/08/2017,5.219.648,1.274.803,527.098,747.705,3.925.677,2.165.678,1.900.518,265.160,1.506.026,1.391.362,114.664,253.973,19.167,5.219.648,1.508.682,2.021.575,512.893,3.710.966,458.275,820.150,361.876,4.841.596,309.527,207.952,101.574,888,788,100,329.530,296.949,32.581,4.201.652,4.010.472,191.179,-261.613,-258.235,-3.378,-68.140,-1.386.914,127.761
01/09/2017,5.254.139,1.304.374,523.360,781.014,3.930.659,2.159.701,1.885.203,274.497,1.525.764,1.402.545,123.218,245.195,19.106,5.254.139,1.530.100,2.045.635,515.535,3.724.039,463.550,825.505,361.955,4.893.184,314.032,210.070,103.961,932,832,100,322.179,286.337,35.842,4.256.041,4.073.861,182.180,-289.121,-285.478,-3.643,-68.612,-1.411.485,136.523
01/10/2017,5.284.320,1.325.762,519.861,805.901,3.939.212,2.153.850,1.886.255,267.595,1.531.720,1.410.858,120.862,253.643,19.345,5.284.320,1.505.181,2.017.210,512.029,3.779.139,503.524,862.232,358.708,4.906.515,313.942,209.005,104.937,940,840,100,322.038,287.700,34.338,4.269.594,4.092.433,177.161,-283.427,-278.672,-4.754,-68.937,-1.418.979,140.443
01/11/2017,5.321.432,1.338.143,537.298,800.846,3.964.507,2.147.137,1.885.053,262.085,1.569.759,1.447.763,121.996,247.610,18.782,5.321.432,1.480.272,1.994.742,514.471,3.841.160,518.698,860.194,341.496,4.969.291,318.677,208.997,109.679,3.726,3.626,100,321.332,282.216,39.116,4.325.556,4.134.269,191.286,-290.494,-285.858,-4.636,-69.861,-1.431.741,145.268
01/12/2017,5.419.165,1.390.807,586.576,804.231,4.009.996,2.124.289,1.851.098,273.191,1.638.333,1.520.007,118.326,247.374,18.362,5.419.165,1.541.838,2.073.389,531.551,3.877.327,488.862,858.988,370.125,5.087.392,324.909,221.986,102.923,4.476,4.376,100,345.288,301.101,44.187,4.412.719,4.237.368,175.351,-333.276,-329.108,-4.168,-74.764,-1.451.818,160.930
01/01/2018,5.351.685,1.326.742,532.131,794.611,4.006.565,2.146.969,1.880.723,266.246,1.605.493,1.487.695,117.798,254.103,18.378,5.351.685,1.533.280,2.072.481,539.201,3.818.404,528.312,821.344,293.032,5.005.614,313.719,206.727,106.992,4.600,4.500,100,337.737,297.817,39.920,4.349.558,4.153.964,195.595,-313.324,-309.003,-4.321,-71.922,-1.461.942,131.667
01/02/2018,5.351.650,1.351.258,531.209,820.049,3.983.463,2.127.897,1.861.186,266.711,1.605.476,1.490.244,115.232,250.090,16.929,5.351.650,1.528.814,2.076.885,548.071,3.822.837,530.355,857.933,327.578,5.043.608,323.989,214.501,109.489,4.004,3.904,100,333.585,292.157,41.428,4.382.029,4.182.273,199.756,-308.834,-303.066,-5.768,-75.520,-1.482.118,115.347
01/03/2018,5.395.826,1.361.135,549.216,811.919,4.018.929,2.170.876,1.902.022,268.854,1.601.125,1.484.420,116.704,246.929,15.761,5.395.826,1.524.593,2.064.294,539.701,3.871.233,471.641,855.850,384.208,5.116.091,331.290,219.468,111.822,3.944,3.844,100,346.753,304.668,42.086,4.434.102,4.242.947,191.156,-309.581,-303.994,-5.587,-72.836,-1.468.307,134.224
01/04/2018,5.409.089,1.372.576,549.587,822.989,4.020.982,2.174.669,1.908.096,266.574,1.596.504,1.479.424,117.080,249.809,15.530,5.409.089,1.514.085,2.052.124,538.039,3.895.003,427.324,879.622,452.299,5.162.090,338.838,221.910,116.928,3.840,3.740,100,365.932,324.924,41.008,4.453.480,4.259.614,193.867,-307.155,-301.019,-6.136,-72.828,-1.463.777,149.350
01/05/2018,5.435.083,1.404.627,580.625,824.002,4.015.794,2.124.542,1.863.182,261.360,1.629.954,1.512.927,117.027,261.299,14.661,5.435.083,1.452.086,2.012.355,560.269,3.982.997,421.367,840.286,418.919,5.259.282,342.632,230.566,112.066,3.818,3.718,100,391.540,348.540,43.000,4.521.292,4.328.941,192.351,-311.973,-305.427,-6.546,-72.513,-1.476.396,163.229
01/06/2018,5.534.150,1.452.354,605.973,846.382,4.066.586,2.126.113,1.852.856,273.257,1.667.029,1.545.263,121.766,273.445,15.209,5.534.150,1.482.401,2.057.858,575.457,4.051.749,462.120,846.660,384.540,5.344.340,350.546,242.106,108.440,4.089,3.989,100,408.869,366.685,42.184,4.580.835,4.388.849,191.986,-317.820,-311.740,-6.080,-76.137,-1.513.454,152.700
01/07/2018,5.507.792,1.383.503,583.306,800.197,4.107.208,2.161.551,1.882.837,278.714,1.670.640,1.551.634,119.006,275.016,17.082,5.507.792,1.447.313,2.039.888,592.575,4.060.479,471.915,854.513,382.598,5.372.791,350.113,238.320,111.793,4.084,3.984,100,412.198,365.509,46.688,4.606.397,4.391.869,214.527,-313.808,-305.974,-7.834,-79.487,-1.531.594,140.662
01/08/2018,5.529.452,1.384.265,587.788,796.477,4.128.708,2.196.992,1.903.436,293.555,1.665.824,1.549.315,116.509,265.893,16.479,5.529.452,1.483.559,2.078.088,594.528,4.045.892,445.236,878.427,433.190,5.424.360,352.030,237.508,114.522,4.077,3.977,100,426.734,380.859,45.875,4.641.519,4.431.504,210.015,-323.225,-316.667,-6.558,-77.667,-1.570.462,147.650
01/09/2018,5.606.780,1.411.673,590.805,820.868,4.177.276,2.203.715,1.914.296,289.419,1.673.721,1.549.812,123.909,299.840,17.831,5.606.780,1.470.815,2.070.639,599.824,4.135.965,484.358,887.942,403.583,5.531.834,360.057,240.452,119.606,4.282,4.007,275,455.464,407.862,47.602,4.712.031,4.486.735,225.295,-333.134,-326.773,-6.362,-80.632,-1.600.645,134.184
01/10/2018,5.667.512,1.410.578,581.592,828.986,4.237.684,2.237.552,1.945.979,291.572,1.684.284,1.558.084,126.200,315.847,19.251,5.667.512,1.494.443,2.091.265,596.821,4.173.069,486.943,893.436,406.493,5.597.568,358.502,242.371,116.131,4.351,4.076,275,475.687,420.390,55.297,4.759.028,4.523.542,235.486,-342.274,-327.666,-14.608,-84.520,-1.632.485,147.836
01/11/2018,5.670.975,1.405.264,586.236,819.028,4.246.310,2.221.315,1.943.315,278.000,1.686.549,1.566.067,120.482,338.445,19.401,5.670.975,1.444.270,2.018.394,574.124,4.226.705,500.608,885.964,385.356,5.585.994,361.249,241.937,119.311,4.397,4.122,275,456.199,407.249,48.950,4.764.149,4.534.556,229.593,-354.594,-347.533,-7.062,-78.275,-1.588.046,161.020
01/12/2018,5.760.046,1.457.150,625.370,831.779,4.282.364,2.233.782,1.934.018,299.763,1.769.299,1.644.863,124.436,279.284,20.533,5.760.046,1.442.602,2.051.432,608.830,4.317.444,472.729,893.041,420.312,5.725.267,371.297,257.599,113.698,5.242,4.966,275,480.134,419.011,61.123,4.868.594,4.641.544,227.051,-353.968,-347.678,-6.290,-80.818,-1.630.190,184.424
01/01/2019,5.644.985,1.376.136,579.294,796.842,4.248.576,2.266.488,1.974.424,292.064,1.709.021,1.590.237,118.784,273.067,20.273,5.644.985,1.387.582,1.995.468,607.886,4.257.403,438.308,929.366,491.058,5.626.623,364.374,242.353,122.021,5.077,4.802,275,466.700,413.087,53.613,4.790.472,4.557.955,232.517,-332.374,-325.737,-6.637,-78.414,-1.604.837,208.096
01/02/2019,5.670.778,1.386.329,570.435,815.894,4.264.672,2.302.237,1.989.935,312.302,1.697.177,1.579.941,117.236,265.258,19.776,5.670.778,1.451.137,2.036.358,585.220,4.219.640,386.108,942.678,556.570,5.666.882,360.098,239.340,120.759,4.880,4.604,275,481.585,426.683,54.902,4.820.319,4.586.518,233.801,-331.971,-325.338,-6.633,-79.529,-1.621.554,199.705
01/03/2019,5.747.247,1.428.607,585.579,843.027,4.299.148,2.335.834,1.999.653,336.181,1.701.292,1.581.380,119.912,262.022,19.492,5.747.247,1.467.485,2.111.629,644.144,4.279.762,425.782,926.293,500.511,5.726.662,355.676,241.320,114.356,4.815,4.540,275,479.527,424.163,55.364,4.886.645,4.652.218,234.427,-329.081,-322.124,-6.957,-77.305,-1.659.810,193.515
01/04/2019,5.746.732,1.454.279,592.935,861.343,4.272.092,2.326.960,2.000.765,326.195,1.699.025,1.578.804,120.220,246.107,20.362,5.746.732,1.421.737,2.096.500,674.763,4.324.995,450.741,897.212,446.471,5.736.126,358.349,243.406,114.943,4.669,4.394,275,474.320,421.826,52.494,4.898.787,4.672.630,226.157,-327.113,-320.245,-6.868,-78.053,-1.653.646,196.941
01/05/2019,5.860.509,1.508.040,675.635,832.405,4.334.710,2.329.454,2.025.573,303.881,1.762.590,1.647.343,115.246,242.667,17.758,5.860.509,1.403.335,2.031.444,628.109,4.457.174,441.423,855.962,414.539,5.838.723,369.352,255.877,113.475,5.333,5.058,275,508.166,454.855,53.311,4.955.873,4.739.282,216.591,-332.127,-325.538,-6.589,-77.696,-1.617.153,204.004
01/06/2019,5.908.509,1.513.520,625.354,888.166,4.379.037,2.326.170,2.033.594,292.576,1.771.154,1.646.751,124.402,281.713,15.953,5.908.509,1.447.420,2.065.231,617.811,4.461.089,403.059,825.030,421.971,5.891.598,372.785,256.219,116.566,5.151,4.876,275,520.299,469.228,51.071,4.993.363,4.766.613,226.751,-338.633,-331.966,-6.666,-81.643,-1.642.570,229.279
01/07/2019,5.941.133,1.487.802,619.652,868.149,4.435.433,2.357.406,2.060.703,296.704,1.773.077,1.653.281,119.796,304.950,17.898,5.941.133,1.467.212,2.072.174,604.961,4.473.921,428.034,851.587,423.552,5.889.907,368.994,243.685,125.309,5.417,5.142,275,521.149,469.616,51.533,4.994.346,4.765.759,228.587,-339.599,-333.050,-6.549,-81.190,-1.652.592,229.361
01/08/2019,5.934.562,1.475.544,622.452,853.092,4.435.064,2.384.142,2.076.101,308.041,1.762.960,1.640.199,122.762,287.962,23.953,5.934.562,1.526.015,2.116.546,590.531,4.408.546,429.160,898.855,469.695,5.881.171,366.054,245.242,120.811,5.459,5.358,100,517.356,465.943,51.413,4.992.303,4.775.245,217.058,-342.781,-336.389,-6.393,-77.652,-1.699.964,218.613
01/09/2019,6.004.277,1.508.818,614.231,894.587,4.470.662,2.390.446,2.079.271,311.174,1.773.831,1.647.840,125.990,306.386,24.797,6.004.277,1.510.496,2.092.600,582.104,4.493.781,447.472,891.757,444.285,5.938.477,365.748,246.990,118.759,5.529,5.429,100,514.461,459.190,55.271,5.052.739,4.838.557,214.183,-342.732,-336.870,-5.862,-74.325,-1.708.971,233.861
01/10/2019,6.026.909,1.504.156,611.081,893.075,4.497.071,2.424.583,2.105.645,318.938,1.779.610,1.657.339,122.271,292.878,25.681,6.026.909,1.523.637,2.100.317,576.679,4.503.271,438.261,912.244,473.983,5.944.639,371.952,247.593,124.360,1.741,1.641,100,495.990,439.995,55.996,5.074.954,4.844.218,230.736,-328.627,-322.530,-6.098,-73.896,-1.716.213,239.108
01/11/2019,6.074.377,1.553.134,622.384,930.751,4.495.761,2.399.081,2.097.650,301.431,1.804.225,1.682.862,121.362,292.455,25.482,6.074.377,1.510.855,2.100.401,589.547,4.563.522,512.830,943.030,430.200,5.969.617,374.526,250.339,124.187,1.991,1.891,100,501.516,440.143,61.373,5.091.584,4.859.133,232.451,-341.201,-334.167,-7.034,-78.251,-1.736.568,237.096
01/12/2019,6.136.777,1.565.439,654.764,910.675,4.545.357,2.353.391,2.054.926,298.465,1.877.909,1.757.687,120.222,314.056,25.981,6.136.777,1.506.614,2.103.385,596.771,4.630.162,489.173,930.775,441.602,6.039.881,377.277,259.283,117.994,2.400,2.300,100,508.582,444.310,64.273,5.151.622,4.927.983,223.639,-361.971,-354.918,-7.052,-80.993,-1.736.063,280.135
01/01/2020,6.047.999,1.484.500,616.227,868.273,4.536.780,2.397.420,2.107.707,289.713,1.830.968,1.706.594,124.374,308.392,26.719,6.047.999,1.524.650,2.110.290,585.640,4.523.349,433.341,938.336,504.995,5.942.432,366.888,246.210,120.677,2.409,2.134,275,487.981,424.968,63.012,5.085.155,4.842.157,242.998,-331.459,-324.533,-6.927,-75.785,-1.656.344,211.164
01/02/2020,6.118.514,1.505.491,607.962,897.529,4.586.376,2.448.284,2.132.934,315.350,1.829.464,1.697.984,131.480,308.628,26.646,6.118.514,1.593.389,2.196.230,602.841,4.525.124,431.084,961.653,530.569,5.979.059,366.692,249.621,117.070,2.239,1.964,275,487.218,429.439,57.779,5.122.910,4.865.692,257.218,-338.587,-331.771,-6.815,-77.464,-1.686.128,217.160
01/03/2020,6.441.495,1.648.728,620.400,1.028.328,4.764.589,2.466.067,2.134.241,331.826,1.899.574,1.754.029,145.545,398.949,28.178,6.441.495,1.670.976,2.348.854,677.877,4.770.519,486.688,979.975,493.287,6.116.236,372.412,269.480,102.932,1.650,1.650,0,507.284,446.526,60.759,5.234.890,4.989.585,245.305,-207.078,-200.256,-6.822,-84.543,-1.838.238,297.454
01/04/2020,6.236.651,1.576.444,634.192,942.253,4.635.642,2.422.437,2.130.726,291.711,1.869.130,1.734.576,134.554,344.075,24.564,6.236.651,1.646.197,2.275.616,629.419,4.590.454,457.426,1.085.581,628.155,6.013.148,366.534,265.738,100.795,1.961,1.961,0,509.471,451.739,57.733,5.135.183,4.895.640,239.543,-317.069,-310.335,-6.734,-79.174,-1.753.815,269.938
01/05/2020,6.465.362,1.653.529,684.963,968.566,4.787.411,2.464.101,2.168.245,295.856,1.942.896,1.804.816,138.080,380.414,24.422,6.465.362,1.659.391,2.260.010,600.619,4.805.971,489.130,1.128.714,639.583,5.970.289,359.604,259.043,100.562,1.980,1.980,0,517.458,463.885,53.573,5.091.247,4.863.154,228.093,-190.181,-183.887,-6.293,-74.493,-1.734.148,345.373
01/06/2020,6.391.612,1.637.725,651.792,985.933,4.732.922,2.461.023,2.165.169,295.855,1.926.101,1.791.165,134.936,345.798,20.965,6.391.612,1.622.241,2.211.083,588.842,4.769.371,575.286,1.167.814,592.528,5.937.341,349.810,247.454,102.355,1.741,1.740,0,523.717,471.859,51.857,5.062.074,4.834.340,227.734,-307.013,-300.856,-6.157,-77.723,-1.704.631,346.110
01/07/2020,6.566.671,1.683.270,668.185,1.015.085,4.864.634,2.558.910,2.234.476,324.433,1.946.205,1.807.122,139.083,359.519,18.767,6.566.671,1.724.739,2.320.754,596.015,4.841.932,601.872,1.207.891,606.019,5.923.986,349.405,243.666,105.738,1.738,1.738,0,515.867,463.525,52.342,5.056.976,4.830.446,226.530,-197.935,-191.906,-6.029,-71.716,-1.787.013,372.738
01/08/2020,6.730.994,1.765.211,666.739,1.098.471,4.946.304,2.594.451,2.266.934,327.517,1.979.576,1.833.004,146.572,372.277,19.479,6.730.994,1.737.306,2.333.780,596.474,4.993.688,707.777,1.278.930,571.152,5.919.068,349.319,240.616,108.703,1.710,1.710,0,515.232,463.656,51.576,5.052.808,4.817.487,235.321,-202.360,-194.228,-8.132,-69.539,-1.808.963,447.705
01/09/2020,6.748.814,1.780.692,674.412,1.106.280,4.946.776,2.582.854,2.261.740,321.114,1.986.623,1.841.783,144.840,377.300,21.345,6.748.814,1.762.518,2.356.098,593.580,4.986.296,789.836,1.307.190,517.354,5.959.415,335.049,228.613,106.436,1.653,1.653,0,507.781,455.753,52.028,5.114.933,4.846.298,268.635,-337.792,-331.769,-6.023,-80.237,-1.840.329,495.404
01/10/2020,6.782.147,1.782.221,707.831,1.074.390,4.977.350,2.632.515,2.302.350,330.165,1.990.030,1.843.549,146.481,354.805,22.576,6.782.147,1.735.682,2.332.092,596.411,5.046.465,795.004,1.351.237,556.233,5.950.029,341.653,228.009,113.645,1.734,1.734,0,487.857,434.726,53.131,5.118.785,4.823.252,295.533,-323.420,-317.525,-5.895,-75.659,-1.838.543,539.053
01/11/2020,6.821.198,1.799.008,712.556,1.086.451,4.998.174,2.589.593,2.296.189,293.404,2.035.483,1.886.168,149.315,373.098,24.016,6.821.198,1.665.859,2.244.259,578.400,5.155.339,853.966,1.381.212,527.246,5.896.502,342.686,228.697,113.989,1.755,1.755,0,468.768,417.403,51.365,5.083.294,4.809.436,273.857,-329.328,-324.152,-5.176,-72.803,-1.816.555,623.557
01/12/2020,6.905.939,1.855.693,760.112,1.095.580,5.027.027,2.555.399,2.272.158,283.241,2.108.160,1.959.945,148.215,363.468,23.220,6.905.939,1.711.187,2.277.584,566.397,5.194.752,818.392,1.417.262,598.869,5.940.141,344.148,231.263,112.884,2.656,2.656,0,464.221,411.548,52.673,5.129.116,4.840.470,288.646,-350.527,-345.204,-5.322,-73.394,-1.853.413,713.554
01/01/2021,6.767.408,1.762.296,712.529,1.049.766,4.983.838,2.557.743,2.276.879,280.864,2.056.612,1.914.313,142.299,369.483,21.274,6.767.408,1.751.525,2.311.121,559.596,5.015.882,672.416,1.447.511,775.095,5.862.876,338.820,223.415,115.405,2.569,2.569,0,459.007,408.262,50.745,5.062.479,4.768.377,294.102,-339.092,-331.990,-7.102,-72.964,-1.841.573,734.220
01/02/2021,6.817.788,1.784.763,698.227,1.086.537,5.012.979,2.577.367,2.300.041,277.326,2.042.638,1.898.808,143.831,392.974,20.045,6.817.788,1.776.325,2.352.099,575.774,5.041.463,651.402,1.513.397,861.995,5.870.594,332.716,222.456,110.260,2.163,2.163,0,458.931,407.319,51.612,5.076.784,4.789.716,287.068,-320.562,-315.103,-5.459,-69.119,-1.835.674,744.822
01/03/2021,6.895.564,1.827.391,692.478,1.134.913,5.049.972,2.560.132,2.275.144,284.988,2.059.616,1.910.671,148.946,430.224,18.201,6.895.564,1.803.431,2.374.126,570.695,5.092.133,692.118,1.516.735,824.617,5.900.531,327.012,222.996,104.016,2.216,2.216,0,461.900,410.687,51.212,5.109.403,4.842.334,267.069,-368.223,-363.003,-5.219,-71.650,-1.816.504,755.861
01/04/2021,6.964.386,1.850.951,732.644,1.118.307,5.095.802,2.571.590,2.294.102,277.488,2.102.471,1.961.932,140.539,421.741,17.634,6.964.386,1.821.783,2.381.090,559.307,5.142.604,664.444,1.553.984,889.540,5.917.561,326.446,218.068,108.377,2.087,2.087,0,467.169,414.307,52.863,5.121.859,4.849.687,272.173,-355.823,-350.247,-5.575,-73.476,-1.832.618,822.514
01/05/2021,7.004.093,1.861.767,743.534,1.118.233,5.124.161,2.591.461,2.304.195,287.266,2.132.363,1.989.504,142.859,400.338,18.165,7.004.093,1.765.827,2.333.250,567.422,5.238.266,764.942,1.495.493,730.551,5.961.035,332.240,222.048,110.192,2.138,2.138,0,474.405,424.592,49.814,5.152.251,4.869.906,282.346,-359.795,-353.648,-6.147,-74.831,-1.851.102,798.017
01/06/2021,7.130.061,1.915.429,739.006,1.176.423,5.198.175,2.602.829,2.316.265,286.564,2.169.357,2.025.062,144.295,425.988,16.457,7.130.061,1.809.372,2.366.823,557.451,5.320.690,797.333,1.548.166,750.833,6.006.521,338.973,226.977,111.996,2.006,2.006,0,479.002,429.427,49.575,5.186.540,4.921.503,265.037,-362.165,-356.589,-5.576,-77.527,-1.873.387,829.915
01/07/2021,7.160.560,1.933.291,758.703,1.174.588,5.210.210,2.611.551,2.332.059,279.492,2.177.189,2.029.646,147.543,421.469,17.059,7.160.560,1.799.134,2.358.076,558.942,5.361.426,835.833,1.539.245,703.412,6.008.316,335.441,224.431,111.009,1.941,1.941,0,478.871,423.004,55.867,5.192.064,4.912.246,279.818,-347.346,-341.983,-5.363,-69.837,-1.896.214,830.674
01/08/2021,7.211.501,1.938.390,750.510,1.187.880,5.252.508,2.619.537,2.340.075,279.462,2.191.849,2.043.890,147.959,441.122,20.603,7.211.501,1.841.761,2.484.706,642.944,5.369.739,858.308,1.611.120,752.812,6.023.004,339.721,229.593,110.128,1.862,1.862,0,481.116,425.560,55.556,5.200.306,4.925.518,274.788,-363.825,-358.185,-5.640,-65.495,-1.901.788,819.535
01/09/2021,7.300.921,1.968.434,748.616,1.219.818,5.311.398,2.637.755,2.343.748,294.007,2.220.623,2.064.742,155.881,453.019,21.089,7.300.921,1.851.331,2.493.032,641.701,5.449.589,917.981,1.669.939,751.958,6.147.503,391.008,224.554,166.454,1.651,1.651,0,483.665,425.600,58.065,5.271.179,4.995.991,275.187,-369.513,-364.974,-4.538,-65.328,-2.001.534,820.481
01/10/2021,7.491.704,2.071.418,766.704,1.304.714,5.400.094,2.652.687,2.363.843,288.844,2.244.113,2.087.912,156.201,503.294,20.192,7.491.704,1.834.568,2.466.332,631.763,5.657.136,1.037.347,1.679.200,641.852,6.152.951,394.061,224.220,169.841,2.049,2.049,0,476.282,418.196,58.085,5.280.560,5.008.455,272.104,-285.252,-280.882,-4.370,-61.453,-1.999.195,812.737
01/11/2021,7.573.320,2.114.703,775.051,1.339.652,5.438.523,2.660.726,2.380.286,280.440,2.274.532,2.115.403,159.128,503.266,20.094,7.573.320,1.842.188,2.478.172,635.984,5.731.132,1.113.439,1.695.211,581.772,6.222.102,410.989,225.118,185.871,2.006,2.006,0,446.404,386.469,59.934,5.362.704,5.080.901,281.804,-298.066,-293.707,-4.359,-63.160,-2.024.769,781.586
01/12/2021,7.870.453,2.282.200,831.234,1.450.967,5.565.578,2.675.774,2.386.827,288.947,2.376.835,2.218.073,158.762,512.969,22.675,7.870.453,1.809.680,2.446.266,636.586,6.060.772,1.127.267,1.709.679,582.412,6.259.531,406.112,240.716,165.396,2.792,2.792,0,406.466,349.837,56.629,5.444.160,5.163.419,280.742,-247.456,-243.490,-3.966,-62.276,-2.023.572,1.007.279
01/01/2022,7.646.789,2.149.552,765.015,1.384.536,5.474.170,2.661.784,2.383.053,278.731,2.325.280,2.159.120,166.160,487.106,23.068,7.646.789,1.782.609,2.409.522,626.913,5.864.180,996.318,1.639.751,643.434,6.222.739,383.341,254.370,128.971,2.709,2.709,0,436.221,387.141,49.080,5.400.468,5.057.021,343.447,-271.502,-264.160,-7.342,-63.528,-2.024.051,1.004.204
01/02/2022,7.690.135,2.195.618,795.951,1.399.667,5.470.961,2.642.674,2.373.819,268.855,2.332.790,2.163.685,169.104,495.497,23.556,7.690.135,1.801.305,2.446.419,645.113,5.888.829,929.878,1.652.927,723.049,6.298.283,399.618,258.819,140.798,2.496,2.496,0,434.655,389.164,45.492,5.461.514,5.099.962,361.552,-267.034,-260.081,-6.952,-59.983,-2.031.651,1.019.336
01/03/2022,7.810.949,2.254.591,792.518,1.462.073,5.529.751,2.622.372,2.357.163,265.209,2.361.941,2.182.755,179.186,545.437,26.608,7.810.949,1.776.927,2.419.860,642.932,6.034.022,885.833,1.628.608,742.775,6.423.251,405.325,244.700,160.625,2.243,2.243,0,447.237,408.541,38.696,5.568.447,5.195.271,373.176,-261.277,-255.976,-5.301,-59.308,-1.942.799,988.323
01/04/2022,7.911.484,2.327.208,896.318,1.430.891,5.556.189,2.611.138,2.349.136,262.002,2.450.599,2.276.733,173.866,494.452,28.087,7.911.484,1.742.462,2.403.375,660.913,6.169.023,813.009,1.643.126,830.117,6.515.883,408.159,252.482,155.677,2.067,2.067,0,510.792,450.973,59.819,5.594.865,5.266.184,328.681,-261.327,-255.686,-5.641,-59.583,-1.908.556,1.069.596
01/05/2022,7.854.187,2.302.911,820.155,1.482.756,5.524.848,2.589.607,2.336.962,252.646,2.425.138,2.254.572,170.566,510.103,26.427,7.854.187,1.714.258,2.398.034,683.775,6.139.928,794.737,1.597.393,802.656,6.553.245,421.123,255.322,165.801,1.817,1.817,0,493.184,454.523,38.661,5.637.121,5.285.103,352.018,-264.092,-258.689,-5.403,-59.780,-1.916.744,1.032.563
01/06/2022,7.890.747,2.339.450,815.316,1.524.134,5.526.503,2.578.437,2.309.104,269.333,2.431.989,2.252.234,179.755,516.076,24.795,7.890.747,1.779.197,2.469.447,690.250,6.111.550,685.883,1.619.829,933.946,6.690.292,428.415,267.443,160.971,1.794,1.794,0,519.302,482.723,36.580,5.740.781,5.408.061,332.720,-286.867,-280.342,-6.525,-62.048,-1.943.765,1.028.054
01/07/2022,7.845.552,2.296.045,822.043,1.474.003,5.530.342,2.586.567,2.320.210,266.357,2.432.971,2.256.101,176.870,510.804,19.164,7.845.552,1.715.686,2.401.514,685.828,6.129.866,743.483,1.646.910,903.427,6.688.004,436.057,270.067,165.990,1.793,1.793,0,505.969,469.467,36.502,5.744.185,5.400.740,343.444,-286.017,-279.854,-6.163,-66.657,-1.972.462,1.023.514
01/08/2022,7.897.628,2.279.163,805.459,1.473.704,5.598.840,2.611.452,2.327.394,284.058,2.427.379,2.248.338,179.042,560.009,19.624,7.897.628,1.767.398,2.431.075,663.676,6.130.230,666.037,1.658.218,992.182,6.726.775,433.924,264.793,169.131,1.765,1.765,0,514.655,477.901,36.754,5.776.430,5.415.749,360.681,-290.447,-284.332,-6.115,-67.195,-1.985.651,1.080.711
01/09/2022,7.962.693,2.320.883,807.818,1.513.065,5.620.749,2.637.014,2.331.184,305.830,2.437.327,2.254.164,183.163,546.408,21.062,7.962.693,1.753.349,2.443.445,690.095,6.209.344,619.769,1.678.122,1.058.353,6.805.970,455.189,277.768,177.421,1.770,1.770,0,510.365,474.503,35.862,5.838.646,5.503.708,334.938,-292.288,-286.155,-6.133,-68.501,-1.972.896,1.117.290
01/10/2022,8.223.055,2.539.067,808.649,1.730.418,5.657.949,2.661.333,2.343.268,318.065,2.421.532,2.234.296,187.236,575.085,26.038,8.223.055,1.763.959,2.476.035,712.076,6.459.096,862.976,1.719.870,856.894,6.850.359,453.451,284.232,169.219,2.116,2.116,0,524.781,488.018,36.763,5.870.010,5.541.255,328.755,-298.345,-292.383,-5.962,-66.842,-1.986.476,1.097.423
01/11/2022,8.297.350,2.467.951,840.492,1.627.459,5.805.021,2.716.656,2.407.555,309.101,2.444.437,2.257.045,187.392,643.928,24.378,8.297.350,1.861.514,2.587.663,726.149,6.435.836,921.695,1.722.592,800.897,6.843.164,458.442,287.546,170.896,2.387,2.387,0,457.057,422.862,34.194,5.925.278,5.606.249,319.029,-308.290,-302.265,-6.025,-68.087,-2.067.039,1.114.393
01/12/2022,8.528.022,2.608.797,897.799,1.710.998,5.894.662,2.728.041,2.413.336,314.704,2.504.674,2.324.524,180.150,661.947,24.563,8.528.022,1.898.133,2.630.692,732.559,6.629.890,970.957,1.709.320,738.363,6.921.210,478.553,304.106,174.448,3.259,3.259,0,443.388,407.707,35.681,5.996.010,5.673.712,322.299,-327.940,-321.915,-6.024,-69.317,-2.122.037,1.257.016
01/01/2023,8.271.838,2.422.174,830.373,1.591.801,5.822.056,2.733.074,2.421.936,311.138,2.434.118,2.256.437,177.680,654.864,27.608,8.271.838,1.899.556,2.591.128,691.572,6.372.282,792.425,1.745.810,953.385,6.836.070,472.524,296.479,176.046,3.304,3.304,0,427.023,392.545,34.478,5.933.219,5.592.447,340.772,-313.844,-307.855,-5.988,-66.225,-2.107.422,1.231.277
01/02/2023,8.300.648,2.403.594,813.834,1.589.760,5.871.477,2.773.225,2.454.631,318.594,2.425.244,2.246.760,178.484,673.009,25.577,8.300.648,1.927.835,2.620.114,692.280,6.372.814,747.331,1.786.791,1.039.460,6.886.377,480.413,305.303,175.110,3.262,3.262,0,425.879,391.148,34.731,5.976.823,5.650.871,325.953,-316.656,-310.683,-5.973,-67.323,-2.132.293,1.255.378
01/03/2023,8.293.283,2.408.419,832.817,1.575.602,5.861.271,2.755.191,2.444.955,310.236,2.429.568,2.248.932,180.636,676.512,23.594,8.293.283,1.952.711,2.632.831,680.120,6.340.573,658.462,1.763.039,1.104.577,6.948.351,489.269,321.676,167.592,3.084,3.084,0,430.071,397.256,32.815,6.025.928,5.704.655,321.272,-323.395,-317.180,-6.215,-66.808,-2.060.407,1.184.370
01/04/2023,8.352.350,2.472.869,895.719,1.577.150,5.856.023,2.739.676,2.452.839,286.837,2.477.517,2.295.278,182.240,638.830,23.457,8.352.350,1.933.822,2.605.620,671.798,6.418.528,607.571,1.779.777,1.172.206,6.967.182,494.993,323.492,171.501,3.030,3.030,0,441.849,409.759,32.091,6.027.310,5.718.134,309.176,-320.608,-314.352,-6.256,-66.971,-2.051.082,1.282.437
01/05/2023,8.336.171,2.423.318,859.517,1.563.801,5.890.062,2.795.833,2.504.960,290.874,2.468.891,2.297.616,171.275,625.338,22.791,8.336.171,1.872.336,2.552.243,679.907,6.463.835,637.312,1.692.283,1.054.972,7.090.783,508.417,334.091,174.326,2.868,2.868,0,449.842,420.620,29.222,6.129.655,5.805.893,323.762,-318.910,-313.006,-5.904,-68.232,-2.112.545,1.235.427
01/06/2023,8.372.990,2.466.009,879.721,1.586.288,5.883.280,2.760.561,2.486.556,274.006,2.479.725,2.313.835,165.889,642.994,23.701,8.372.990,1.834.567,2.508.719,674.151,6.538.423,697.556,1.700.305,1.002.749,7.160.390,518.460,342.499,175.961,2.712,2.712,0,438.024,409.485,28.539,6.201.195,5.882.967,318.228,-332.929,-326.529,-6.400,-68.692,-2.138.375,1.220.472
01/07/2023,8.349.492,2.438.059,853.336,1.584.723,5.884.767,2.760.453,2.475.842,284.611,2.476.093,2.310.876,165.217,648.221,26.667,8.349.492,1.870.811,2.534.278,663.467,6.478.681,653.403,1.700.308,1.046.905,7.197.416,515.976,332.863,183.113,2.482,2.482,0,437.311,407.985,29.326,6.241.647,5.916.617,325.030,-339.833,-333.499,-6.334,-69.778,-2.171.538,1.209.012
01/08/2023,8.364.739,2.410.851,851.723,1.559.128,5.926.011,2.804.890,2.516.056,288.834,2.465.697,2.301.314,164.383,655.424,27.878,8.364.739,1.850.135,2.531.087,680.952,6.514.604,665.932,1.697.956,1.032.024,7.244.937,515.406,333.220,182.186,2.558,2.558,0,421.124,392.021,29.103,6.305.849,5.982.656,323.193,-348.871,-342.498,-6.372,-69.813,-2.191.626,1.214.045
01/09/2023,8.440.034,2.482.203,865.366,1.616.837,5.932.405,2.819.227,2.521.563,297.664,2.456.889,2.290.055,166.834,656.289,25.427,8.440.034,1.858.540,2.558.608,700.068,6.581.494,701.489,1.663.264,961.775,7.411.473,526.172,346.803,179.370,2.368,2.368,0,427.970,399.679,28.291,6.454.962,6.054.798,400.165,-353.857,-347.728,-6.128,-70.534,-2.200.495,1.093.419